sale_id,store_id,product_id,quantity,claim_id,claim_date,repair_status,product_name,category_id,launch_date,price,category_name,store_name,city,country,revenue,sale_date
201,1,101,5,,,,iPhone 13 Mini,1,14/09/2021,699,Smartphones,Apple Store Saket,New Delhi,India,3495,2023-12-01
202,2,102,2,,,,"MacBook Pro M1 13""",2,18/10/2021,1299,Laptops,Apple Store London,London,UK,2598,2023-12-20
203,3,103,1,,,,iPad Mini 6,3,24/09/2021,499,Tablets,Apple Store Yas Mall,Abu Dhabi,UAE,499,2024-05-05
204,4,104,3,,,,Apple Watch Series 7,4,15/10/2021,399,Accessories,Apple Store Tokyo,Tokyo,Japan,1197,2023-12-15
205,2,101,2,301.0,10/01/2021,Paid Repaired,iPhone 13 Mini,1,14/09/2021,699,Smartphones,Apple Store London,London,UK,1398,2020-04-18
206,5,105,4,303.0,,Paid Repaired,iPhone 14 Pro,1,16/09/2022,999,Smartphones,Apple Store Sydney,Sydney,Australia,3996,2022-10-10
207,1,105,1,305.0,,Warranty Void,iPhone 14 Pro,1,16/09/2022,999,Smartphones,Apple Store Saket,New Delhi,India,999,2023-12-25
208,1,101,6,302.0,01/06/2024,Warranty Void,iPhone 13 Mini,1,14/09/2021,699,Smartphones,Apple Store Saket,New Delhi,India,4194,2024-01-05
209,3,102,1,304.0,,Paid Repaired,"MacBook Pro M1 13""",2,18/10/2021,1299,Laptops,Apple Store Yas Mall,Abu Dhabi,UAE,1299,2020-08-15
210,21,120,2,306.0,05/08/2023,Paid Repaired,"MacBook Pro M2 14""",2,17/01/2023,1999,Laptops,Apple Store Vienna,Vienna,Austria,3998,2024-03-01
211,14,189,1,307.0,,In Progress,iPad Air 2,3,22/10/2014,399,Tablets,Apple Store SÃÂ£o Paulo,SÃÂ£o Paulo,Brazil,399,2023-12-15
212,65,213,4,,,,"iPad 10.9""",3,17/10/2023,449,Tablets,Apple Store Jakarta,Jakarta,Indonesia,1796,2022-06-10
213,88,277,3,308.0,,Paid Repaired,iPad Explore,3,08/11/2025,749,Tablets,Apple Store Zagreb,Zagreb,Croatia,2247,2025-01-05
214,100,141,2,,,,iPad Mini 5,3,18/03/2019,399,Tablets,Apple Store Canberra,Canberra,Australia,798,2021-11-20
215,7,101,6,309.0,,Rejected,iPhone 13 Mini,1,14/09/2021,699,Smartphones,Apple Store Berlin,Berlin,Germany,4194,2024-07-08
216,53,105,2,,,,iPhone 14 Pro,1,16/09/2022,999,Smartphones,Apple Store Kampala,Kampala,Uganda,1998,2020-02-14
217,240,174,1,310.0,,Paid Repaired,Magic Trackpad 2,4,04/05/2020,129,Accessories,Apple Store Lexington,Lexington,United States,129,2019-08-09
218,11,205,3,311.0,10/06/2020,Warranty Void,iPad Studio,3,15/09/2024,949,Tablets,Apple Store Seoul,Seoul,South Korea,2847,2023-09-22
219,192,305,5,,,,iPad Touch Pro,3,18/12/2025,899,Tablets,Apple Store Chandler,Chandler,United States,4495,2025-05-27
220,78,224,2,312.0,,In Progress,MacBook SE,2,01/05/2024,999,Laptops,Apple Store Yorkdale,Toronto,Canada,1998,2022-01-18
221,39,146,1,313.0,,Paid Repaired,AirPods 3rd Gen,4,26/10/2021,179,Accessories,Apple Store San Juan,San Juan,Puerto Rico,179,2023-07-12
222,142,108,3,,,,AirPods Pro,4,30/10/2019,249,Accessories,Apple Store Kansas City,Kansas City,United States,747,2020-03-05
223,151,291,6,314.0,,In Progress,iPhone Spark,1,03/11/2025,749,Smartphones,Apple Store Sacramento,Sacramento,United States,4494,2024-09-10
224,68,150,4,,,,Apple Watch Series 6,4,18/09/2020,399,Accessories,Apple Store Islamabad,Islamabad,Pakistan,1596,2023-11-25
225,132,195,2,315.0,03/05/2024,Rejected,iPhone 7,1,16/09/2016,649,Smartphones,Apple Store Memphis,Memphis,United States,1298,2019-07-30
226,18,132,5,,,,Mac Mini M2,2,24/01/2023,699,Laptops,Apple Store Istanbul,Istanbul,Turkey,3495,2022-12-10
227,263,118,3,,,,Apple Pencil 2,4,07/11/2018,129,Accessories,Apple Store Buffalo East,Buffalo,United States,387,2023-03-15
228,95,207,2,316.0,01/04/2025,Paid Repaired,iPhone 15 SE,1,22/03/2024,529,Smartphones,Apple Store Kingston,Kingston,Jamaica,1058,2021-05-20
229,25,101,1,,,,iPhone 13 Mini,1,14/09/2021,699,Smartphones,Apple Store Athens,Athens,Greece,699,2023-08-01
230,299,288,7,317.0,10/03/2023,In Progress,MacBook NotePad M3,2,25/11/2025,1099,Laptops,Apple Store Temecula,Temecula,United States,7693,2024-10-14
231,49,112,2,,,,"MacBook Pro M1 13""",2,18/10/2021,1299,Laptops,Apple Store Casablanca,Casablanca,Morocco,2598,2023-05-18
232,3,243,4,318.0,05/06/2021,Warranty Void,iPhone 16,1,24/09/2025,1099,Smartphones,Apple Store Yas Mall,Abu Dhabi,UAE,4396,2025-02-12
233,44,110,2,,,,MacBook Air M1,2,17/11/2020,999,Laptops,Apple Store Manama,Manama,Bahrain,1998,2020-09-23
234,105,103,3,319.0,,Rejected,iPad Mini 6,3,24/09/2021,499,Tablets,Apple Store New York,New York,United States,1497,2021-06-30
235,219,301,6,,,,iPad Aurora,3,05/12/2025,849,Tablets,Apple Store Reno West,Reno,United States,5094,2024-04-11
236,119,121,1,320.0,,Paid Repaired,"iPad Pro M2 12.9""",3,26/10/2022,1099,Tablets,Apple Store Charlotte,Charlotte,United States,1099,2022-08-16
237,160,169,2,321.0,09/11/2023,In Progress,iPad Air M2,3,01/06/2024,699,Tablets,Apple Store Virginia Beach,Virginia Beach,United States,1398,2023-09-27
238,10,140,5,322.0,12/05/2022,Warranty Void,MacBook Air Intel,2,09/07/2019,1099,Laptops,Apple Store BKC,Mumbai,India,5495,2021-04-20
239,200,250,3,323.0,,Paid Repaired,AirPods Studio,4,01/08/2023,349,Accessories,Apple Store Lincoln,Lincoln,United States,1047,2023-11-01
240,132,215,4,,,,iPhone 12 Pro Max,1,13/11/2020,1099,Smartphones,Apple Store Memphis,Memphis,United States,4396,2022-10-29
241,117,188,1,324.0,,Rejected,"MacBook Pro 17""",2,12/06/2012,2299,Laptops,Apple Store Fort Worth,Fort Worth,United States,2299,2024-02-17
242,90,144,3,,,,Mac Pro (2019),2,10/12/2019,5999,Laptops,Apple Store  Fairview,Toronto,Canada,17997,2019-12-09
243,145,101,2,325.0,,In Progress,iPhone 13 Mini,1,14/09/2021,699,Smartphones,Apple Store Raleigh,Raleigh,United States,1398,2022-09-19
244,6,309,5,,,,iPad Solar,3,30/10/2025,769,Tablets,Apple Store Paris,Paris,France,3845,2025-06-05
245,82,166,3,,,,Apple AirTag (4 Pack),4,30/04/2021,99,Accessories,Apple Store Vilnius,Vilnius,Lithuania,297,2023-04-22
246,156,229,1,326.0,04/07/2024,Paid Repaired,iPad 5th Gen,3,24/03/2017,329,Tablets,Apple Store Milwaukee,Milwaukee,United States,329,2024-07-14
247,50,124,2,,,,MacBook Air M1,2,17/11/2020,999,Laptops,Apple Store Lagos,Lagos,Nigeria,1998,2021-03-09
248,178,106,4,,,,MacBook Air M2,2,15/07/2022,1199,Laptops,Apple Store Gilbert,Gilbert,United States,4796,2020-11-03
249,59,198,6,327.0,,Warranty Void,Apple Watch HermÃÂ¨s,4,22/09/2023,1349,Accessories,Apple Store Beirut,Beirut,Lebanon,8094,2023-06-30
250,29,117,3,,,,iPad 10th Gen,3,26/10/2022,449,Tablets,Apple Store Stockholm,Stockholm,Sweden,1347,2022-07-15
251,245,210,1,328.0,02/10/2023,Rejected,Apple Watch Explorer Edition,4,25/09/2025,949,Accessories,Apple Store Toledo,Toledo,United States,949,2023-10-08
252,5,122,2,329.0,11/03/2024,In Progress,Apple Watch Ultra,4,23/09/2022,799,Accessories,Apple Store Sydney,Sydney,Australia,1598,2020-05-28
253,118,174,3,,,,Magic Trackpad 2,4,04/05/2020,129,Accessories,Apple Store Columbus,Columbus,United States,387,2022-11-22
254,266,291,2,,,,iPhone Spark,1,03/11/2025,749,Smartphones,Apple Store Aurora North,Aurora,United States,1498,2023-12-13
255,111,176,7,330.0,10/06/2025,Paid Repaired,"MacBook Air 11""",2,20/03/2017,999,Laptops,Apple Store San Antonio,San Antonio,United States,6993,2025-01-28
256,221,153,2,,,,iPad 8th Gen,3,18/09/2020,329,Tablets,Apple Store Scottsdale North,Scottsdale,United States,658,2020-08-04
257,33,165,3,,,,iPad 11th Gen,3,18/10/2023,349,Tablets,Apple Store Buenos Aires,Buenos Aires,Argentina,1047,2021-10-18
258,134,221,1,331.0,,Warranty Void,iPad Lite,3,11/11/2022,349,Tablets,Apple Store Baltimore,Baltimore,United States,349,2024-06-19
259,64,189,4,,,,iPad Air 2,3,22/10/2014,399,Tablets,Apple Store Manila,Manila,Philippines,1596,2023-01-05
260,184,137,2,,,,"iPad Pro 11""",3,07/11/2018,799,Tablets,Apple Store Scottsdale,Scottsdale,United States,1598,2022-02-25
261,30,208,2,332.0,10/08/2024,Paid Repaired,MacBook Air M2 Classic,2,10/02/2023,1249,Laptops,Apple Store Budapest,Budapest,Hungary,2498,2021-12-11
262,121,298,5,,,,Apple Watch Summit,4,24/11/2025,949,Accessories,Apple Store Indianapolis,Indianapolis,United States,4745,2024-01-25
263,85,201,3,333.0,01/02/2025,In Progress,iPad Classic (2025),3,10/10/2025,499,Tablets,Apple Store Andorra la Vella,Andorra la Vella,Andorra,1497,2023-03-14
264,164,248,4,,,,MacBook Go,2,15/10/2023,999,Laptops,Apple Store Wichita,Wichita,United States,3996,2024-08-01
265,12,169,2,,,,iPad Air M2,3,01/06/2024,699,Tablets,Apple Store Barcelona,Barcelona,Spain,1398,2022-09-29
266,97,309,6,334.0,04/11/2022,Rejected,iPad Solar,3,30/10/2025,769,Tablets,Apple Store Bridgetown,Bridgetown,Barbados,4614,2025-06-18
267,210,155,2,,,,iPhone 12 Mini,1,13/11/2020,699,Smartphones,Apple Store Nice,Nice,France,1398,2022-11-05
268,146,184,1,,,,MacBook Studio Display,2,08/03/2022,1599,Laptops,Apple Store Omaha,Omaha,United States,1599,2023-02-21
269,179,270,3,335.0,,Paid Repaired,Apple Watch Aura,4,05/12/2025,799,Accessories,Apple Store Reno,Reno,United States,2397,2024-03-30
270,74,254,4,,,,Apple Watch Max Steel,4,29/09/2025,999,Accessories,Apple Store Ashgabat,Ashgabat,Turkmenistan,3996,2025-01-10
271,296,114,2,,,,AirPods Pro 2,4,23/09/2022,249,Accessories,Apple Store Fort Lauderdale,Fort Lauderdale,United States,498,2021-06-25
272,182,202,6,336.0,08/06/2021,Warranty Void,Apple Watch SE 3,4,18/09/2025,329,Accessories,Apple Store Irving,Irving,United States,1974,2023-10-20
273,160,110,1,,,,MacBook Air M1,2,17/11/2020,999,Laptops,Apple Store Virginia Beach,Virginia Beach,United States,999,2020-07-13
274,215,236,5,337.0,05/10/2024,Paid Repaired,"MacBook Air SE 13""",2,01/03/2025,899,Laptops,Apple Store St. Petersburg,St. Petersburg,United States,4495,2023-09-09
275,20,223,4,338.0,12/06/2023,In Progress,iPhone 7 Plus,1,16/09/2016,769,Smartphones,Apple Store Kuala Lumpur,Kuala Lumpur,Malaysia,3076,2024-11-14
276,89,145,2,,,,iPad Pro M1,3,21/05/2021,1099,Tablets,Apple Store Sherway Gardens,Toronto,Canada,2198,2023-01-17
277,99,102,1,,,,"MacBook Pro M1 13""",2,18/10/2021,1299,Laptops,Apple Store Marunouchi,Tokyo,Japan,1299,2021-03-05
278,133,275,3,339.0,,Rejected,iPhone 16c,1,19/09/2025,849,Smartphones,Apple Store Louisville,Louisville,United States,2547,2022-07-01
279,150,304,6,340.0,,Warranty Void,MacBook Zenith,2,08/11/2025,2299,Laptops,Apple Store Cleveland,Cleveland,United States,13794,2023-05-09
280,260,241,2,,,,iPad Creative,3,01/09/2024,699,Tablets,Apple Store Reno South,Reno,United States,1398,2023-11-18
281,18,153,4,341.0,07/02/2023,In Progress,iPad 8th Gen,3,18/09/2020,329,Tablets,Apple Store Istanbul,Istanbul,Turkey,1316,2020-02-12
282,44,182,1,,,,AirPods Wireless Charging,4,20/03/2019,199,Accessories,Apple Store Manama,Manama,Bahrain,199,2024-04-26
283,221,127,3,342.0,08/09/2022,Paid Repaired,iPhone 15 Pro Max,1,22/09/2023,1199,Smartphones,Apple Store Scottsdale North,Scottsdale,United States,3597,2021-08-22
284,75,263,2,,,,iPhone 16 Pro Max,1,05/10/2025,1299,Smartphones,Apple Store Tashkent,Tashkent,Uzbekistan,2598,2023-12-06
285,156,142,1,343.0,,Rejected,Apple Watch Series 7,4,15/10/2021,399,Accessories,Apple Store Milwaukee,Milwaukee,United States,399,2020-01-31
286,193,278,5,,,,Apple Watch Vapor,4,17/11/2025,699,Accessories,Apple Store WinstonÃ¢ÂÂSalem,WinstonSalem,United States,3495,2024-02-10
287,168,199,3,,,,iPhone 8 Plus,1,22/09/2017,699,Smartphones,Apple Store Aurora,Aurora,United States,2097,2022-03-19
288,88,166,4,344.0,,Warranty Void,Apple AirTag (4 Pack),4,30/04/2021,99,Accessories,Apple Store Zagreb,Zagreb,Croatia,396,2023-06-11
289,239,220,2,,,,"MacBook Classic 14""",2,01/12/2023,1149,Laptops,Apple Store Anchorage,Anchorage,United States,2298,2023-04-05
290,24,303,1,345.0,,In Progress,iPhone X Ultra,1,17/10/2025,1399,Smartphones,Apple Store Prague,Prague,Czech Republic,1399,2024-09-01
291,65,151,3,,,,iPhone 8,1,22/09/2017,599,Smartphones,Apple Store Jakarta,Jakarta,Indonesia,1797,2022-10-12
292,144,296,6,346.0,09/12/2022,Paid Repaired,MacBook Jet,2,22/10/2025,1299,Laptops,Apple Store Miami,Miami,United States,7794,2023-07-08
293,58,125,1,,,,iPad Air 4,3,23/10/2020,599,Tablets,Apple Store Tunis,Tunis,Tunisia,599,2020-05-14
294,134,147,2,347.0,,In Progress,iPhone X,1,03/11/2017,999,Smartphones,Apple Store Baltimore,Baltimore,United States,1998,2023-09-26
295,11,302,3,,,,Apple Watch Evolve,4,30/12/2025,849,Accessories,Apple Store Seoul,Seoul,South Korea,2547,2025-02-18
296,206,113,1,348.0,03/08/2020,Warranty Void,iPad Mini 6,3,24/09/2021,499,Tablets,Apple Store Bergen,Bergen,Norway,499,2021-02-17
297,9,190,4,,,,Apple Magic Keyboard iPad Pro,4,21/04/2021,299,Accessories,Apple Store Singapore,Singapore,Singapore,1196,2024-06-06
298,231,234,5,349.0,,Rejected,Apple Watch Fitness Band,4,14/03/2024,59,Accessories,Apple Store Birmingham East,Birmingham,United States,295,2023-10-01
299,117,252,2,,,,MacBook Slim,2,20/12/2024,1199,Laptops,Apple Store Fort Worth,Fort Worth,United States,2398,2024-01-12
300,15,168,1,,,,"MacBook Air 15"" M2",2,13/06/2023,1299,Laptops,Apple Store Johannesburg,Johannesburg,South Africa,1299,2022-11-08
301,261,181,3,350.0,01/04/2023,Paid Repaired,iPad Air 6,3,01/06/2023,649,Tablets,Apple Store Akron West,Akron,United States,1947,2023-08-20
302,77,129,6,,,,iPad Mini 7,3,28/09/2024,529,Tablets,Apple Store Dushanbe,Dushanbe,Tajikistan,3174,2020-09-30
303,42,249,2,351.0,,In Progress,iPad Nova,3,10/02/2025,799,Tablets,Apple Store Kuwait City,Kuwait City,Kuwait,1598,2025-01-03
304,18,122,1,,,,Apple Watch Ultra,4,23/09/2022,799,Accessories,Apple Store Istanbul,Istanbul,Turkey,799,2022-04-14
305,248,199,4,352.0,,Warranty Void,iPhone 8 Plus,1,22/09/2017,699,Smartphones,Apple Store Irving South,Irving,United States,2796,2021-11-30
306,91,265,3,,,,iPad Nova Pro,3,15/09/2025,899,Tablets,Apple Store Orchard Road,Singapore,Singapore,2697,2023-06-23
307,297,211,2,,,,iPhone 13 Pro Max,1,24/09/2021,1099,Smartphones,Apple Store Oceanside,Oceanside,United States,2198,2022-12-05
308,50,283,1,353.0,,Rejected,iPhone Nova,1,15/10/2025,999,Smartphones,Apple Store Lagos,Lagos,Nigeria,999,2024-08-19
309,140,161,2,,,,"iPad Pro M4 13""",3,15/05/2025,1299,Tablets,Apple Store Sacramento,Sacramento,United States,2598,2020-06-15
310,106,144,5,354.0,,Paid Repaired,Mac Pro (2019),2,10/12/2019,5999,Laptops,Apple Store Los Angeles,Los Angeles,United States,29995,2023-01-29
311,205,264,2,,,,MacBook Horizon M4,2,01/11/2025,2099,Laptops,Apple Store Oslo Central,Oslo,Norway,4198,2025-01-07
312,39,127,3,355.0,,In Progress,iPhone 15 Pro Max,1,22/09/2023,1199,Smartphones,Apple Store San Juan,San Juan,Puerto Rico,3597,2023-11-03
313,76,201,5,,,,iPad Classic (2025),3,10/10/2025,499,Tablets,Apple Store Bishkek,Bishkek,Kyrgyzstan,2495,2025-03-15
314,132,174,1,,,,Magic Trackpad 2,4,04/05/2020,129,Accessories,Apple Store Memphis,Memphis,United States,129,2022-10-21
315,299,310,2,356.0,02/05/2025,Paid Repaired,Apple Watch Nova Titanium,4,31/12/2025,1049,Accessories,Apple Store Temecula,Temecula,United States,2098,2025-06-22
316,80,112,3,,,,"MacBook Pro M1 13""",2,18/10/2021,1299,Laptops,Apple Store Tallinn,Tallinn,Estonia,3897,2020-12-02
317,211,295,1,,,,iPhone Lite,1,12/09/2025,699,Smartphones,Apple Store Buffalo,Buffalo,United States,699,2024-09-18
318,105,154,4,357.0,,Rejected,Apple Watch Series 5,4,20/09/2019,399,Accessories,Apple Store New York,New York,United States,1596,2021-07-12
319,46,228,3,,,,MacBook Pro Retina 2015,2,09/03/2015,1799,Laptops,Apple Store Baghdad,Baghdad,Iraq,5397,2025-02-27
320,250,266,2,358.0,11/01/2022,Warranty Void,AirPods Max 2,4,25/08/2025,599,Accessories,Apple Store Chandler West,Chandler,United States,1198,2025-05-09
321,97,199,4,,,,iPhone 8 Plus,1,22/09/2017,699,Smartphones,Apple Store Bridgetown,Bridgetown,Barbados,2796,2023-08-06
322,189,144,1,359.0,06/09/2023,Paid Repaired,Mac Pro (2019),2,10/12/2019,5999,Laptops,Apple Store Madison,Madison,United States,5999,2021-09-13
323,17,261,5,,,,iPad Air Vision,3,10/10/2025,699,Tablets,Apple Store Amsterdam,Amsterdam,Netherlands,3495,2024-10-29
324,101,251,2,360.0,,In Progress,iPhone Flex,1,12/11/2025,1499,Smartphones,Apple Store Perth,Perth,Australia,2998,2025-04-01
325,69,117,3,,,,iPad 10th Gen,3,26/10/2022,449,Tablets,Apple Store Dhaka,Dhaka,Bangladesh,1347,2022-02-18
326,128,219,2,361.0,01/06/2025,Warranty Void,iPhone 11 Pro Max,1,20/09/2019,1099,Smartphones,Apple Store Detroit,Detroit,United States,2198,2023-12-27
327,156,245,4,,,,"iPad M3 10.9""",3,08/08/2025,549,Tablets,Apple Store Milwaukee,Milwaukee,United States,2196,2025-03-10
328,122,133,1,362.0,12/12/2023,Paid Repaired,iPad 9th Gen,3,24/09/2021,329,Tablets,Apple Store Seattle,Seattle,United States,329,2023-07-30
329,284,298,6,,,,Apple Watch Summit,4,24/11/2025,949,Accessories,Apple Store Montgomery,Montgomery,United States,5694,2025-06-30
330,16,104,2,363.0,03/09/2021,Rejected,Apple Watch Series 7,4,15/10/2021,399,Accessories,Apple Store Zurich,Zurich,Switzerland,798,2022-06-01
331,172,279,5,,,,iPhone Flex Max,1,20/12/2025,1499,Smartphones,Apple Store Irvine,Irvine,United States,7495,2025-05-17
332,33,158,3,,,,Apple Pencil USB-C,4,17/10/2023,79,Accessories,Apple Store Buenos Aires,Buenos Aires,Argentina,237,2023-10-09
333,226,276,4,364.0,,Paid Repaired,MacBook SE Air Pro,2,12/10/2025,1499,Laptops,Apple Store Akron South,Akron,United States,5996,2025-01-22
334,74,137,2,,,,"iPad Pro 11""",3,07/11/2018,799,Tablets,Apple Store Ashgabat,Ashgabat,Turkmenistan,1598,2022-03-25
335,188,263,6,365.0,,In Progress,iPhone 16 Pro Max,1,05/10/2025,1299,Smartphones,Apple Store Durham,Durham,United States,7794,2025-07-04
336,141,203,3,,,,iPhone Ultra,1,01/10/2024,1399,Smartphones,Apple Store Atlanta,Atlanta,United States,4197,2023-09-14
337,207,115,1,366.0,,Rejected,iPhone SE (2022),1,18/03/2022,429,Smartphones,Apple Store Hamburg,Hamburg,Germany,429,2021-08-08
338,92,300,4,367.0,03/04/2024,Warranty Void,MacBook Infinity,2,15/12/2025,1699,Laptops,Apple StoreMarina Bay Sands,Singapore,Singapore,6796,2025-03-27
339,48,111,2,,,,iPhone 13 Mini,1,14/09/2021,699,Smartphones,Apple Store Nairobi,Nairobi,Kenya,1398,2020-10-06
340,60,267,3,368.0,,Paid Repaired,iPhone Air,1,22/09/2025,999,Smartphones,Apple Store Tbilisi,Tbilisi,Georgia,2997,2025-06-12
341,278,252,5,,,,MacBook Slim,2,20/12/2024,1199,Laptops,Apple Store Bridgeport,Bridgeport,United States,5995,2024-02-15
342,143,161,2,369.0,06/06/2022,In Progress,"iPad Pro M4 13""",3,15/05/2025,1299,Tablets,Apple Store Colorado Springs,Colorado Springs,United States,2598,2022-04-11
343,27,304,1,,,,MacBook Zenith,2,08/11/2025,2299,Laptops,Apple Store Oslo,Oslo,Norway,2299,2025-01-18
344,225,183,3,370.0,,Rejected,iPhone 15 Pro,1,22/09/2023,1099,Smartphones,Apple Store WinstonÃ¢ÂÂSalem West,WinstonÃ¢ÂÂSalem,United States,3297,2023-12-05
345,101,130,2,,,,AirPods Max,4,15/12/2020,549,Accessories,Apple Store Perth,Perth,Australia,1098,2024-07-09
346,137,289,4,371.0,08/07/2024,Paid Repaired,iPad VisionAir,3,04/12/2025,899,Tablets,Apple Store Tucson,Tucson,United States,3596,2025-02-09
347,195,129,2,,,,iPad Mini 7,3,28/09/2024,529,Tablets,Apple Store Glendale,Glendale,United States,1058,2021-06-07
348,180,262,5,372.0,,Warranty Void,Apple Watch Titan Edition,4,30/09/2025,1199,Accessories,Apple Store Hialeah,Hialeah,United States,5995,2023-03-21
349,85,242,3,,,,Apple Watch Creative Edition,4,06/06/2025,649,Accessories,Apple Store Andorra la Vella,Andorra la Vella,Andorra,1947,2024-10-12
350,202,274,6,373.0,08/01/2022,In Progress,Apple Watch Edge,4,30/11/2025,899,Accessories,Apple Store Birmingham,Birmingham,UK,5394,2025-01-04
351,243,138,2,374.0,,Rejected,Apple Smart Keyboard,4,21/05/2019,159,Accessories,Apple Store Riverside,Riverside,United States,318,2023-06-14
352,174,213,3,,,,"iPad 10.9""",3,17/10/2023,449,Tablets,Apple Store Rochester,Rochester,United States,1347,2024-04-28
353,134,259,1,375.0,11/09/2023,Paid Repaired,iPhone SE Classic,1,10/04/2025,429,Smartphones,Apple Store Baltimore,Baltimore,United States,429,2025-03-02
354,19,122,3,,,,Apple Watch Ultra,4,23/09/2022,799,Accessories,Apple Store Bangkok,Bangkok,Thailand,2397,2022-12-20
355,150,297,4,376.0,,In Progress,iPad Moonlight,3,01/12/2025,749,Tablets,Apple Store Cleveland,Cleveland,United States,2996,2024-11-07
356,93,307,2,377.0,,Warranty Void,iPhone Air SE,1,09/12/2025,729,Smartphones,Apple Store  Dubai Mall,Dubai,UAE,1458,2025-04-10
357,83,132,2,,,,Mac Mini M2,2,24/01/2023,699,Laptops,Apple Store Luxembourg City,Luxembourg City,Luxembourg,1398,2021-01-30
358,26,290,5,378.0,08/04/2023,Rejected,Apple Watch Core,4,20/12/2025,599,Accessories,Apple Store Helsinki,Helsinki,Finland,2995,2025-05-21
359,62,198,3,379.0,09/06/2025,In Progress,Apple Watch HermÃÂ¨s,4,22/09/2023,1349,Accessories,Apple Store Baku,Baku,Azerbaijan,4047,2023-02-11
360,219,269,2,380.0,02/01/2024,Paid Repaired,iPad Ultra Light,3,12/11/2025,599,Tablets,Apple Store Reno West,Reno,United States,1198,2025-06-03
361,142,288,2,,,,MacBook NotePad M3,2,25/11/2025,1099,Laptops,Apple Store Kansas City,Kansas City,United States,2198,2025-01-27
362,19,146,1,381.0,,Warranty Void,AirPods 3rd Gen,4,26/10/2021,179,Accessories,Apple Store Bangkok,Bangkok,Thailand,179,2023-11-10
363,231,294,3,,,,Apple Watch Orbit,4,28/12/2025,799,Accessories,Apple Store Birmingham East,Birmingham,United States,2397,2025-04-15
364,66,221,2,382.0,06/05/2023,Rejected,iPad Lite,3,11/11/2022,349,Tablets,Apple Store Ho Chi Minh City,Ho Chi Minh City,Vietnam,698,2023-07-05
365,298,276,4,,,,MacBook SE Air Pro,2,12/10/2025,1499,Laptops,Apple Store Rancho Cucamonga,Rancho Cucamonga,United States,5996,2025-02-19
366,88,124,2,383.0,,Paid Repaired,MacBook Air M1,2,17/11/2020,999,Laptops,Apple Store Zagreb,Zagreb,Croatia,1998,2021-09-16
367,218,138,1,,,,Apple Smart Keyboard,4,21/05/2019,159,Accessories,Apple Store Lubbock West,Lubbock,United States,159,2023-06-01
368,133,305,5,384.0,,In Progress,iPad Touch Pro,3,18/12/2025,899,Tablets,Apple Store Louisville,Louisville,United States,4495,2025-03-13
369,34,157,3,,,,"iPad Pro M2 11""",3,26/10/2022,899,Tablets,Apple Store Santiago,Santiago,Chile,2697,2024-12-04
370,209,262,2,385.0,06/10/2023,Rejected,Apple Watch Titan Edition,4,30/09/2025,1199,Accessories,Apple Store Lyon,Lyon,France,2398,2025-06-14
371,156,104,4,,,,Apple Watch Series 7,4,15/10/2021,399,Accessories,Apple Store Milwaukee,Milwaukee,United States,1596,2023-04-29
372,117,249,3,386.0,05/02/2025,Paid Repaired,iPad Nova,3,10/02/2025,799,Tablets,Apple Store Fort Worth,Fort Worth,United States,2397,2022-07-19
373,195,277,2,,,,iPad Explore,3,08/11/2025,749,Tablets,Apple Store Glendale,Glendale,United States,1498,2025-05-30
374,9,107,1,387.0,03/07/2022,In Progress,"iPad Pro M1 11""",3,21/05/2021,799,Tablets,Apple Store Singapore,Singapore,Singapore,799,2020-09-07
375,280,191,4,,,,iPhone 6s Plus,1,25/09/2015,649,Smartphones,Apple Store Fontana,Fontana,United States,2596,2023-12-16
376,167,266,2,388.0,,Warranty Void,AirPods Max 2,4,25/08/2025,599,Accessories,Apple Store Tampa Bay,Tampa Bay,United States,1198,2024-11-22
377,124,301,3,,,,iPad Aurora,3,05/12/2025,849,Tablets,Apple Store Washington,Washington,United States,2547,2025-03-24
378,60,115,2,389.0,07/05/2024,Rejected,iPhone SE (2022),1,18/03/2022,429,Smartphones,Apple Store Tbilisi,Tbilisi,Georgia,858,2023-02-28
379,103,273,5,390.0,03/03/2025,Paid Repaired,iPad Canvas,3,20/10/2025,799,Tablets,Apple Store Christchurch,Christchurch,New Zealand,3995,2025-06-05
380,248,158,1,,,,Apple Pencil USB-C,4,17/10/2023,79,Accessories,Apple Store Irving South,Irving,United States,79,2024-06-11
381,135,202,2,391.0,,In Progress,Apple Watch SE 3,4,18/09/2025,329,Accessories,Apple Store Milwaukee,Milwaukee,United States,658,2023-03-03
382,206,248,3,,,,MacBook Go,2,15/10/2023,999,Laptops,Apple Store Bergen,Bergen,Norway,2997,2024-09-27
383,186,284,1,392.0,,Warranty Void,MacBook Sky,2,30/09/2025,1399,Laptops,Apple Store Baton Rouge,Baton Rouge,United States,1399,2025-02-07
384,90,103,2,,,,iPad Mini 6,3,24/09/2021,499,Tablets,Apple Store  Fairview,Toronto,Canada,998,2021-07-23
385,26,214,2,393.0,,Rejected,AirPods Lite,4,12/05/2024,149,Accessories,Apple Store Helsinki,Helsinki,Finland,298,2023-10-25
386,83,170,4,,,,Apple Smart Folio Case,4,10/11/2021,79,Accessories,Apple Store Luxembourg City,Luxembourg City,Luxembourg,316,2024-02-04
387,146,297,6,394.0,02/11/2024,Paid Repaired,iPad Moonlight,3,01/12/2025,749,Tablets,Apple Store Omaha,Omaha,United States,4494,2025-04-06
388,5,132,1,,,,Mac Mini M2,2,24/01/2023,699,Laptops,Apple Store Sydney,Sydney,Australia,699,2022-08-02
389,119,293,2,395.0,,In Progress,iPad Express,3,05/10/2025,549,Tablets,Apple Store Charlotte,Charlotte,United States,1098,2025-05-11
390,174,234,1,,,,Apple Watch Fitness Band,4,14/03/2024,59,Accessories,Apple Store Rochester,Rochester,United States,59,2024-04-19
391,149,111,3,396.0,09/01/2023,Rejected,iPhone 13 Mini,1,14/09/2021,699,Smartphones,Apple Store Nashville,Nashville,United States,2097,2022-03-09
392,16,152,2,,,,"iMac 24"" M1",2,21/05/2021,1299,Laptops,Apple Store Zurich,Zurich,Switzerland,2598,2023-06-07
393,87,265,4,397.0,,Warranty Void,iPad Nova Pro,3,15/09/2025,899,Tablets,Apple Store Ljubljana,Ljubljana,Slovenia,3596,2025-01-15
394,114,126,1,,,,Magic Mouse 2,4,05/08/2020,79,Accessories,Apple Store San Jose,San Jose,United States,79,2022-11-17
395,240,268,2,398.0,03/07/2023,Paid Repaired,"MacBook SE Retina 14""",2,30/10/2025,1199,Laptops,Apple Store Lexington,Lexington,United States,2398,2025-03-05
396,50,108,1,,,,AirPods Pro,4,30/10/2019,249,Accessories,Apple Store Lagos,Lagos,Nigeria,249,2023-01-22
397,214,277,5,399.0,,In Progress,iPad Explore,3,08/11/2025,749,Tablets,Apple Store Fort Wayne,Fort Wayne,United States,3745,2024-03-27
398,36,270,3,,,,Apple Watch Aura,4,05/12/2025,799,Accessories,Apple Store Bogota,Bogota,Colombia,2397,2025-06-21
399,194,140,2,,,,MacBook Air Intel,2,09/07/2019,1099,Laptops,Apple Store Garland North,Garland,United States,2198,2021-02-13
400,276,187,3,400.0,,Paid Repaired,iPhone XR (128GB),1,26/10/2018,649,Smartphones,Apple Store Oxnard,Oxnard,United States,1947,2023-09-19
401,200,118,2,,,,Apple Pencil 2,4,07/11/2018,129,Accessories,Apple Store Lincoln,Lincoln,United States,258,2022-06-08
402,28,282,4,,,,Apple Watch Bolt,4,28/10/2025,649,Accessories,Apple Store Copenhagen,Copenhagen,Denmark,2596,2025-05-02
403,123,254,2,,,,Apple Watch Max Steel,4,29/09/2025,999,Accessories,Apple Store Denver,Denver,United States,1998,2023-10-14
404,30,263,5,,,,iPhone 16 Pro Max,1,05/10/2025,1299,Smartphones,Apple Store Budapest,Budapest,Hungary,6495,2025-02-14
405,152,143,1,,,,iPhone XS,1,21/09/2018,999,Smartphones,Apple Store Baltimore,Baltimore,United States,999,2021-05-12
406,69,207,2,,,,iPhone 15 SE,1,22/03/2024,529,Smartphones,Apple Store Dhaka,Dhaka,Bangladesh,1058,2023-12-02
407,201,199,3,,,,iPhone 8 Plus,1,22/09/2017,699,Smartphones,Apple Store Edinburgh,Edinburgh,UK,2097,2024-07-26
408,138,300,2,,,,MacBook Infinity,2,15/12/2025,1699,Laptops,Apple Store Fresno,Fresno,United States,3398,2025-04-25
409,53,217,4,,,,iPad Pro SE,3,11/10/2024,849,Tablets,Apple Store Kampala,Kampala,Uganda,3396,2023-06-17
410,161,105,1,,,,iPhone 14 Pro,1,16/09/2022,999,Smartphones,Apple Store Minneapolis,Minneapolis,United States,999,2024-01-30
411,173,287,2,,,,iPhone Vision,1,22/12/2025,1199,Smartphones,Apple Store Fremont,Fremont,United States,2398,2025-01-20
412,56,201,3,,,,iPad Classic (2025),3,10/10/2025,499,Tablets,Apple StoreAl Maryah Island,Abu Dhabi,UAE,1497,2023-05-04
413,212,275,1,,,,iPhone 16c,1,19/09/2025,849,Smartphones,Apple Store St. Paul,St. Paul,United States,849,2025-02-08
414,92,133,2,,,,iPad 9th Gen,3,24/09/2021,329,Tablets,Apple StoreMarina Bay Sands,Singapore,Singapore,658,2022-08-26
415,147,308,5,,,,MacBook Edge,2,25/11/2025,1499,Laptops,Apple Store Orlando,Orlando,United States,7495,2025-05-05
416,246,157,3,,,,"iPad Pro M2 11""",3,26/10/2022,899,Tablets,Apple Store Greensboro,Greensboro,United States,2697,2023-07-11
417,98,296,4,,,,MacBook Jet,2,22/10/2025,1299,Laptops,Apple Store Al Mall Emirates,Dubai,UAE,5196,2024-11-10
418,13,120,2,,,,"MacBook Pro M2 14""",2,17/01/2023,1999,Laptops,Apple Store Rome,Rome,Italy,3998,2020-12-19
419,230,214,1,,,,AirPods Lite,4,12/05/2024,149,Accessories,Apple Store Des Moines North,Des Moines,United States,149,2023-09-07
420,275,265,3,,,,iPad Nova Pro,3,15/09/2025,899,Tablets,Apple Store Overland Park,Overland Park,United States,2697,2025-06-26
421,116,178,2,,,,Apple Watch Nike+,4,15/10/2021,429,Accessories,Apple Store Jacksonville,Jacksonville,United States,858,2022-05-31
422,31,284,4,,,,MacBook Sky,2,30/09/2025,1399,Laptops,Apple Store Dublin,Dublin,Ireland,5596,2024-06-08
423,189,299,2,,,,iPhone 16 Mini,1,27/09/2025,799,Smartphones,Apple Store Madison,Madison,United States,1598,2025-01-31
424,15,117,3,,,,iPad 10th Gen,3,26/10/2022,449,Tablets,Apple Store Johannesburg,Johannesburg,South Africa,1347,2023-03-29
425,148,173,1,,,,"iPad Pro 10.5""",3,13/06/2017,649,Tablets,Apple Store Tampa,Tampa,United States,649,2022-09-14
426,273,301,5,,,,iPad Aurora,3,05/12/2025,849,Tablets,Apple Store Tempe,Tempe,United States,4245,2025-04-18
427,96,190,2,,,,Apple Magic Keyboard iPad Pro,4,21/04/2021,299,Accessories,Apple Store Port of Spain,Port of Spain,Trinidad and Tobago,598,2023-12-21
428,22,141,3,,,,iPad Mini 5,3,18/03/2019,399,Tablets,Apple Store Brussels,Brussels,Belgium,1197,2024-03-10
429,74,106,1,,,,MacBook Air M2,2,15/07/2022,1199,Laptops,Apple Store Ashgabat,Ashgabat,Turkmenistan,1199,2022-07-04
430,177,293,4,,,,iPad Express,3,05/10/2025,549,Tablets,Apple Store Tacoma,Tacoma,United States,2196,2025-06-10
431,81,221,2,,,,iPad Lite,3,11/11/2022,349,Tablets,Apple Store Market Mall,Calgary,Canada,698,2023-10-13
432,209,109,1,,,,iPhone 12,1,23/10/2020,799,Smartphones,Apple Store Lyon,Lyon,France,799,2021-11-09
433,94,187,2,,,,iPhone XR (128GB),1,26/10/2018,649,Smartphones,Apple Store Shibuya,Tokyo,Japan,1298,2023-02-05
434,27,248,3,,,,MacBook Go,2,15/10/2023,999,Laptops,Apple Store Oslo,Oslo,Norway,2997,2024-08-14
435,151,283,1,,,,iPhone Nova,1,15/10/2025,999,Smartphones,Apple Store Sacramento,Sacramento,United States,999,2025-03-08
436,42,144,2,,,,Mac Pro (2019),2,10/12/2019,5999,Laptops,Apple Store Kuwait City,Kuwait City,Kuwait,11998,2022-01-26
437,140,210,3,,,,Apple Watch Explorer Edition,4,25/09/2025,949,Accessories,Apple Store Sacramento,Sacramento,United States,2847,2023-09-23
438,228,302,5,,,,Apple Watch Evolve,4,30/12/2025,849,Accessories,Apple Store Irvine South,Irvine,United States,4245,2024-05-15
439,36,239,2,,,,iPhone 13 SE,1,09/09/2022,649,Smartphones,Apple Store Bogota,Bogota,Colombia,1298,2025-02-20
440,198,132,4,,,,Mac Mini M2,2,24/01/2023,699,Laptops,Apple Store Akron,Akron,United States,2796,2023-01-12
441,127,250,1,,,,AirPods Studio,4,01/08/2023,349,Accessories,Apple Store Nashville,Nashville,United States,349,2024-10-02
442,87,126,2,,,,Magic Mouse 2,4,05/08/2020,79,Accessories,Apple Store Ljubljana,Ljubljana,Slovenia,158,2021-03-17
443,277,196,3,,,,"MacBook Air M3 13""",2,18/06/2024,1199,Laptops,Apple Store Frisco,Frisco,United States,3597,2023-07-24
444,143,306,2,,,,Apple Watch Infinity Band,4,09/11/2025,679,Accessories,Apple Store Colorado Springs,Colorado Springs,United States,1358,2025-05-29
445,59,230,1,,,,Apple Pencil Grip Accessory,4,10/02/2023,29,Accessories,Apple Store Beirut,Beirut,Lebanon,29,2023-06-20
446,217,267,4,,,,iPhone Air,1,22/09/2025,999,Smartphones,Apple Store Garland South,Garland,United States,3996,2025-01-26
447,111,135,2,,,,iPhone 12,1,23/10/2020,799,Smartphones,Apple Store San Antonio,San Antonio,United States,1598,2024-04-06
448,261,280,5,,,,MacBook Arch M3,2,01/12/2025,1899,Laptops,Apple Store Akron West,Akron,United States,9495,2025-03-20
449,52,124,2,,,,MacBook Air M1,2,17/11/2020,999,Laptops,Apple Store Algiers,Algiers,Algeria,1998,2023-08-15
450,37,291,3,,,,iPhone Spark,1,03/11/2025,749,Smartphones,Apple Store Caracas,Caracas,Venezuela,2247,2025-06-13
451,232,185,1,,,,iPad Mini Cellular,3,24/09/2021,649,Tablets,Apple Store Baton Rouge South,Baton Rouge,United States,649,2023-04-17
452,186,142,2,,,,Apple Watch Series 7,4,15/10/2021,399,Accessories,Apple Store Baton Rouge,Baton Rouge,United States,798,2022-10-04
453,138,229,1,,,,iPad 5th Gen,3,24/03/2017,329,Tablets,Apple Store Fresno,Fresno,United States,329,2024-12-19
454,70,294,4,,,,Apple Watch Orbit,4,28/12/2025,799,Accessories,Apple Store Colombo,Colombo,Sri Lanka,3196,2025-04-29
455,106,202,2,,,,Apple Watch SE 3,4,18/09/2025,329,Accessories,Apple Store Los Angeles,Los Angeles,United States,658,2023-05-24
456,3,109,3,,,,iPhone 12,1,23/10/2020,799,Smartphones,Apple Store Yas Mall,Abu Dhabi,UAE,2397,2021-08-02
457,170,218,1,,,,Apple Watch SE GPS,4,22/09/2023,279,Accessories,Apple Store Corpus Christi,Corpus Christi,United States,279,2022-11-28
458,267,267,2,,,,iPhone Air,1,22/09/2025,999,Smartphones,Apple Store Richmond,Richmond,United States,1998,2023-06-09
459,185,304,3,,,,MacBook Zenith,2,08/11/2025,2299,Laptops,Apple Store North Las Vegas,North Las Vegas,United States,6897,2024-02-03
460,44,286,1,,,,Apple Watch Zen,4,12/12/2025,749,Accessories,Apple Store Manama,Manama,Bahrain,749,2025-02-23
461,112,267,3,,,,iPhone Air,1,22/09/2025,999,Smartphones,Apple Store San Diego,San Diego,United States,2997,2025-03-25
462,251,103,1,,,,iPad Mini 6,3,24/09/2021,499,Tablets,Apple Store Fremont East,Fremont,United States,499,2023-11-27
463,67,205,2,,,,iPad Studio,3,15/09/2024,949,Tablets,Apple Store Taipei,Taipei,Taiwan,1898,2024-06-16
464,281,281,4,,,,iPad Rise,3,05/11/2025,849,Tablets,Apple Store Columbus Georgia,Columbus,United States,3396,2025-02-04
465,159,121,2,,,,"iPad Pro M2 12.9""",3,26/10/2022,1099,Tablets,Apple Store Colorado Springs,Colorado Springs,United States,2198,2020-09-19
466,58,308,5,,,,MacBook Edge,2,25/11/2025,1499,Laptops,Apple Store Tunis,Tunis,Tunisia,7495,2025-04-21
467,20,140,3,,,,MacBook Air Intel,2,09/07/2019,1099,Laptops,Apple Store Kuala Lumpur,Kuala Lumpur,Malaysia,3297,2023-05-20
468,243,296,2,,,,MacBook Jet,2,22/10/2025,1299,Laptops,Apple Store Riverside,Riverside,United States,2598,2025-06-01
469,39,101,2,,,,iPhone 13 Mini,1,14/09/2021,699,Smartphones,Apple Store San Juan,San Juan,Puerto Rico,1398,2023-07-16
470,178,276,4,,,,MacBook SE Air Pro,2,12/10/2025,1499,Laptops,Apple Store Gilbert,Gilbert,United States,5996,2025-03-01
471,146,109,3,,,,iPhone 12,1,23/10/2020,799,Smartphones,Apple Store Omaha,Omaha,United States,2397,2021-10-04
472,261,137,1,,,,"iPad Pro 11""",3,07/11/2018,799,Tablets,Apple Store Akron West,Akron,United States,799,2022-02-07
473,186,213,2,,,,"iPad 10.9""",3,17/10/2023,449,Tablets,Apple Store Baton Rouge,Baton Rouge,United States,898,2023-12-29
474,48,301,5,,,,iPad Aurora,3,05/12/2025,849,Tablets,Apple Store Nairobi,Nairobi,Kenya,4245,2025-05-16
475,104,243,4,,,,iPhone 16,1,24/09/2025,1099,Smartphones,Apple Store Wellington,Wellington,New Zealand,4396,2023-08-04
476,197,158,3,,,,Apple Pencil USB-C,4,17/10/2023,79,Accessories,Apple Store Hialeah West,Hialeah,United States,237,2024-10-27
477,84,110,1,,,,MacBook Air M1,2,17/11/2020,999,Laptops,Apple Store Monaco,Monaco,Monaco,999,2021-05-18
478,92,278,2,,,,Apple Watch Vapor,4,17/11/2025,699,Accessories,Apple StoreMarina Bay Sands,Singapore,Singapore,1398,2025-02-06
479,139,198,3,,,,Apple Watch HermÃÂ¨s,4,22/09/2023,1349,Accessories,Apple Store Mesa,Mesa,United States,4047,2023-09-13
480,234,226,1,,,,Apple Watch Edition Ceramic,4,20/09/2019,1249,Accessories,Apple Store Boise North,Boise,United States,1249,2024-05-12
481,44,117,2,,,,iPad 10th Gen,3,26/10/2022,449,Tablets,Apple Store Manama,Manama,Bahrain,898,2023-02-03
482,66,195,3,,,,iPhone 7,1,16/09/2016,649,Smartphones,Apple Store Ho Chi Minh City,Ho Chi Minh City,Vietnam,1947,2022-08-12
483,190,282,4,,,,Apple Watch Bolt,4,28/10/2025,649,Accessories,Apple Store Laredo,Laredo,United States,2596,2025-03-22
484,22,131,2,,,,iPhone XR,1,26/10/2018,599,Smartphones,Apple Store Brussels,Brussels,Belgium,1198,2024-01-18
485,288,239,5,,,,iPhone 13 SE,1,09/09/2022,649,Smartphones,Apple Store Mobile,Mobile,United States,3245,2023-06-29
486,132,310,1,,,,Apple Watch Nova Titanium,4,31/12/2025,1049,Accessories,Apple Store Memphis,Memphis,United States,1049,2025-06-15
487,163,129,2,,,,iPad Mini 7,3,28/09/2024,529,Tablets,Apple Store New Orleans,New Orleans,United States,1058,2022-12-01
488,91,152,3,,,,"iMac 24"" M1",2,21/05/2021,1299,Laptops,Apple Store Orchard Road,Singapore,Singapore,3897,2021-06-29
489,13,279,4,,,,iPhone Flex Max,1,20/12/2025,1499,Smartphones,Apple Store Rome,Rome,Italy,5996,2025-05-12
490,100,157,1,,,,"iPad Pro M2 11""",3,26/10/2022,899,Tablets,Apple Store Canberra,Canberra,Australia,899,2023-03-31
491,174,221,3,,,,iPad Lite,3,11/11/2022,349,Tablets,Apple Store Rochester,Rochester,United States,1047,2024-09-06
492,37,135,2,,,,iPhone 12,1,23/10/2020,799,Smartphones,Apple Store Caracas,Caracas,Venezuela,1598,2022-04-23
493,111,286,5,,,,Apple Watch Zen,4,12/12/2025,749,Accessories,Apple Store San Antonio,San Antonio,United States,3745,2025-02-26
494,201,207,3,,,,iPhone 15 SE,1,22/03/2024,529,Smartphones,Apple Store Edinburgh,Edinburgh,UK,1587,2023-10-23
495,16,107,1,,,,"iPad Pro M1 11""",3,21/05/2021,799,Tablets,Apple Store Zurich,Zurich,Switzerland,799,2020-03-18
496,53,255,2,,,,iPhone 16 Plus,1,01/10/2025,1199,Smartphones,Apple Store Kampala,Kampala,Uganda,2398,2024-07-19
497,126,177,4,,,,iPad 7th Gen,3,25/09/2019,329,Tablets,Apple Store El Paso,El Paso,United States,1316,2023-08-30
498,264,303,2,,,,iPhone X Ultra,1,17/10/2025,1399,Smartphones,Apple Store Lexington West,Lexington,United States,2798,2025-01-29
499,83,132,3,,,,Mac Mini M2,2,24/01/2023,699,Laptops,Apple Store Luxembourg City,Luxembourg City,Luxembourg,2097,2023-04-10
500,7,299,1,,,,iPhone 16 Mini,1,27/09/2025,799,Smartphones,Apple Store Berlin,Berlin,Germany,799,2025-06-29
501,300,103,3,,,,iPad Mini 6,3,24/09/2021,499,Tablets,Apple Store Ridge Hill,New York,United States,3500,2024-06-01
510,309,112,2,,,,iPad 10th Gen,3,26/10/2022,449,Tablets,Apple Store Brigade Road,Bangalore,India,898,2024-06-10
511,310,113,1,920.0,,Repaired,iPhone SE 3,1,08/03/2022,429,Smartphones,Apple Store Camp,Pune,India,429,2024-06-11
512,311,114,3,,,,MacBook Pro M3,2,06/11/2023,1999,Laptops,Apple Store Saket Mall,Delhi,India,5997,2024-06-12
513,312,115,2,934.0,,Replaced,Apple Watch Series 9,4,15/09/2023,399,Wearables,Apple Store Rajouri Garden,Delhi,India,798,2024-06-13
514,313,116,5,,,,AirPods Pro 2,4,23/09/2022,249,Audio,Apple Store Phoenix Marketcity,Mumbai,India,1245,2024-06-14
515,401,201,2,,,,iPhone 14 Pro,1,16/09/2022,1099,Smartphones,Apple Store Oxford Street,London,United Kingdom,2198,2024-06-15
516,402,202,1,1001.0,04/06/2024,Repaired,MacBook Pro 14,2,18/01/2023,1999,Laptops,Apple Store Shibuya Crossing,Tokyo,Japan,1999,2024-06-16
517,403,203,3,,,,AirPods Pro 2,4,23/09/2022,249,Audio,Apple Store Champs-ÃlysÃ©es,Paris,France,747,2024-06-17
518,404,204,2,1004.0,06/06/2024,Replaced,Apple Watch Series 9,4,15/09/2023,399,Wearables,Apple Store Ginza,Tokyo,Japan,798,2024-06-18
519,405,205,1,,,,iPad Mini 6,3,24/09/2021,499,Tablets,Apple Store Regent Street,London,United Kingdom,499,2024-06-19
520,406,206,4,,,,iPhone 15,1,22/09/2023,999,Smartphones,Apple Store La Maquinista,Barcelona,Spain,3996,2024-06-20
521,407,207,2,1007.0,09/06/2024,Repaired,MacBook Air M2,2,18/07/2022,1199,Laptops,Apple Store Kyoto,Yokohama,Japan,2398,2024-06-21
522,408,208,5,,,,AirPods 3,4,26/10/2021,179,Audio,Apple Store KurfÃ¼rstendamm,Berlin,Germany,895,2024-06-22
523,409,209,1,1009.0,11/06/2024,In Process,iPad 10th Gen,3,26/10/2022,449,Tablets,Apple Store Lyon Part-Dieu,Lyon,France,449,2024-06-23
524,410,210,3,,,,Apple Watch SE,4,16/09/2022,249,Wearables,Apple Store Covent Garden,London,United Kingdom,747,2024-06-24
525,411,211,2,1011.0,,Repaired,iPhone 13,1,24/09/2021,899,Smartphones,Apple Store Omotesand?,Tokyo,Japan,1798,2024-06-25
526,412,212,1,,,,Mac Studio,2,18/03/2022,1999,Laptops,Apple Store Rue Sainte-Catherine,Bordeaux,France,1999,2024-06-26
527,413,213,2,1013.0,,Replaced,iPad Pro 11,3,26/10/2022,799,Tablets,Apple Store Carrousel du Louvre,Paris,France,1598,2024-06-27
528,414,214,4,,,,iPhone SE 3,1,08/03/2022,429,Smartphones,Apple Store St. Catherine Street,Glasgow,United Kingdom,1716,2024-06-28
529,415,215,3,1015.0,,Repaired,MacBook Air M3,2,07/11/2023,1299,Laptops,Apple Store Nagoya,Nagoya,Japan,3897,2024-06-29
530,416,216,1,,,,AirPods Max,4,15/12/2020,549,Audio,Apple Store Passeig de GrÃ cia,Barcelona,Spain,549,2024-06-30
531,417,217,3,1017.0,,In Process,iPad Air 5,3,18/03/2022,749,Tablets,Apple Store Mall of Berlin,Berlin,Germany,2247,2024-06-01
532,418,218,2,,,,iPhone 14,1,16/09/2022,999,Smartphones,Apple Store Marunouchi,Tokyo,Japan,1998,2024-06-02
533,419,219,1,1019.0,,Replaced,Mac Mini M2,2,17/01/2023,699,Laptops,Apple Store Kanyon Mall,Istanbul,Turkey,699,2024-06-03
534,420,220,4,,,,Apple Watch Ultra 2,4,22/09/2023,799,Wearables,Apple Store Bahnhofstrasse,ZÃ¼rich,Switzerland,3196,2024-06-04
535,421,221,1,,,,iPad Air 5,3,18/03/2022,749,Tablets,Apple Store Cologne,Bonn,Germany,749,2024-06-05
536,422,222,2,1022.0,,Repaired,iPhone 13 Mini,1,24/09/2021,699,Smartphones,Apple Store Florence,Florence,Italy,1398,2024-06-06
537,423,223,3,,,,MacBook Air M2,2,15/07/2022,1199,Laptops,Apple Store Marunouchi,Tokyo,Japan,3597,2024-06-07
538,424,224,4,,,,AirPods Pro 2,4,23/09/2022,249,Audio,Apple Store Lille,Lille,France,996,2024-06-08
539,425,225,2,1025.0,,Replaced,Apple Watch SE,4,16/09/2022,249,Wearables,Apple Store Manchester Arndale,Manchester,United Kingdom,498,2024-06-09
540,426,226,1,,,,iPhone 15 Pro Max,1,22/09/2023,1199,Smartphones,Apple Store Shinsaibashi,Osaka,Japan,1199,2024-06-10
541,427,227,2,1027.0,,Repaired,Mac Mini M2,2,17/01/2023,699,Laptops,Apple Store Via del Corso,Rome,Italy,1398,2024-06-11
542,428,228,3,,,,AirPods Max,4,15/12/2020,549,Audio,Apple Store Frankfurt Zeil,Frankfurt,Germany,1647,2024-06-12
543,429,229,5,,,,iPad 10th Gen,3,26/10/2022,449,Tablets,Apple Store ZÃ¼rich Bahnhofstrasse,ZÃ¼rich,Switzerland,2245,2024-06-13
544,430,230,1,1030.0,02/07/2024,In Process,Apple Watch Ultra 2,4,22/09/2023,799,Wearables,Apple Store Harrods,London,United Kingdom,799,2024-06-14
545,431,231,2,,,,iPhone SE 3,1,08/03/2022,429,Smartphones,Apple Store Akihabara,Tokyo,Japan,858,2024-06-15
546,432,232,3,1032.0,04/07/2024,Repaired,MacBook Air M3,2,07/11/2023,1299,Laptops,Apple Store Antwerp,Antwerp,Belgium,3897,2024-06-16
547,433,233,2,,,,iPad Mini 6,3,24/09/2021,499,Tablets,Apple Store Helsinki,Helsinki,Finland,998,2024-06-17
548,434,234,4,1034.0,06/07/2024,Replaced,iPhone 14 Pro,1,16/09/2022,1099,Smartphones,Apple Store Geneva,Geneva,Switzerland,4396,2024-06-18
549,435,235,1,,,,Mac Studio,2,18/03/2022,1999,Laptops,Apple Store Brussels City 2,Brussels,Belgium,1999,2024-06-19
550,436,236,2,1036.0,08/07/2024,In Process,AirPods 3,4,26/10/2021,179,Audio,Apple Store Sendai,Sendai,Japan,358,2024-06-20
551,437,237,1,,,,iPhone 15,1,22/09/2023,999,Smartphones,Apple Store Leidseplein,Amsterdam,Netherlands,999,2024-06-21
552,438,238,3,1038.0,10/07/2024,Repaired,MacBook Pro 13,2,17/11/2020,1299,Laptops,Apple Store Kyoto,Yokohama,Japan,3897,2024-06-22
553,439,239,2,,,,iPad Pro 12.9,3,26/10/2022,1099,Tablets,Apple Store Champs-ÃlysÃ©es,Paris,France,2198,2024-06-23
554,440,240,1,1040.0,12/07/2024,Replaced,Apple Watch Series 9,4,15/09/2023,399,Wearables,Apple Store Stratford City,London,United Kingdom,399,2024-06-24
555,441,241,5,,,,AirPods Max,4,15/12/2020,549,Audio,Apple Store Nice Cap 3000,Nice,France,2745,2024-06-25
556,442,242,3,1042.0,,Repaired,MacBook Air M2,2,18/07/2022,1199,Laptops,Apple Store Turin,Torino,Italy,3597,2024-06-26
557,443,243,1,,,,iPad Air 5,3,18/03/2022,749,Tablets,Apple Store Lille,Lille,France,749,2024-06-27
558,444,244,2,1044.0,,In Process,iPhone 14,1,16/09/2022,999,Smartphones,Apple Store Osaka,Osaka,Japan,1998,2024-06-28
559,445,245,4,,,,Mac Mini M2,2,17/01/2023,699,Laptops,Apple Store Fukuoka,Fukuoka,Japan,2796,2024-06-29
560,446,246,2,1046.0,,Replaced,Apple Watch SE,4,16/09/2022,249,Wearables,Apple Store Bordeaux Sainte-Catherine,Bordeaux,France,498,2024-06-30
561,447,247,3,,,,iPhone SE 3,1,08/03/2022,429,Smartphones,Apple Store The Hague,The Hague,Netherlands,1287,2024-06-01
562,448,248,2,1048.0,,Repaired,Mac Studio,2,18/03/2022,1999,Laptops,Apple Store Kyoto,Yokohama,Japan,3998,2024-06-02
563,449,249,1,,,,iPad Pro 11,3,26/10/2022,799,Tablets,Apple Store Vienna,Vienna,Austria,799,2024-06-03
564,450,250,5,,,,AirPods 3,4,26/10/2021,179,Audio,Apple Store Milan Piazza Liberty,Milan,Italy,895,2024-06-04
